Precision,Recall,F1-score,avg_n_gt_keywords,avg_n_extraced_leywords,P@5,R@5,F@5,P@10,R@10,F@10,P@15,R@15,F@15,NDCG,MAP,stemmed_Precision,stemmed_Recall,stemmed_F1-score,stemmed_P@5,stemmed_R@5,stemmed_F@5,stemmed_P@10,stemmed_R@10,stemmed_F@10,stemmed_P@15,stemmed_R@15,stemmed_F@15,stemmed_NDCG,stemmed_MAP,training seconds,prediction seconds
0.1624424825041955,0.358358814925627,0.20781838096125202,5.545267489711934,13.88888888888889,0.1423868312757205,0.1481303095355384,0.13264675551362073,0.16052077209484608,0.2865077742129303,0.19167351813935715,0.16319758773462492,0.3368568769512852,0.20548917745928966,0.32589407232192114,0.15,0.18849300902473604,0.39668083409368826,0.233869288496438,0.17935528120713348,0.18279190019749209,0.16440347903453936,0.18926285191717288,0.32338129903126267,0.21953055805818858,0.19052172678715898,0.37453874980018786,0.23243951405100544,0.32589407232192114,0.15,7.152557373046875e-07,1644.0067977905273
