Precision,Recall,F1-score,avg_n_gt_keywords,avg_n_extraced_leywords,P@5,R@5,F@5,P@10,R@10,F@10,P@15,R@15,F@15,NDCG,MAP,stemmed_Precision,stemmed_Recall,stemmed_F1-score,stemmed_P@5,stemmed_R@5,stemmed_F@5,stemmed_P@10,stemmed_R@10,stemmed_F@10,stemmed_P@15,stemmed_R@15,stemmed_F@15,stemmed_NDCG,stemmed_MAP,training seconds,prediction seconds
0.17341294660141285,0.40735335141471674,0.22621773647130405,5.545267489711934,12.553497942386832,0.18624828532235993,0.18170571248730294,0.16824216811328457,0.209563818668757,0.3397191669649913,0.24297898843875393,0.21027244360577704,0.39090812970079514,0.257723263949625,0.6733627733422863,0.3650793650793651,0.19930086895758153,0.4464999309843175,0.2513462964022111,0.23000685871056306,0.2162349101247069,0.20119768922676284,0.24584476451760406,0.3782370313997039,0.2733392546616959,0.24544572368646445,0.42994039742768886,0.2873923045500047,0.6733627733422863,0.3650793650793651,1.1920928955078125e-06,7804.4709532260895
