Precision,Recall,F1-score,avg_n_gt_keywords,avg_n_extraced_leywords,P@5,R@5,F@5,P@10,R@10,F@10,P@15,R@15,F@15,NDCG,MAP,stemmed_Precision,stemmed_Recall,stemmed_F1-score,stemmed_P@5,stemmed_R@5,stemmed_F@5,stemmed_P@10,stemmed_R@10,stemmed_F@10,stemmed_P@15,stemmed_R@15,stemmed_F@15,stemmed_NDCG,stemmed_MAP,training seconds,prediction seconds
0.23063573130878007,0.5185041161130484,0.2981021994753018,5.545267489711934,12.469135802469136,0.2334362139917703,0.23359346602992234,0.21238681063898104,0.2369896792736298,0.40158817388937196,0.27645707416712484,0.2349158728788362,0.476515218891762,0.29428968526982463,0.5793283655112144,0.24814814814814815,0.24363888938548284,0.5491318882440889,0.31448314457939197,0.2580932784636496,0.2624946305610796,0.23574608589071896,0.2546598406166306,0.43202282436759554,0.296335163226564,0.2506314330388407,0.507443659987233,0.31298848063505297,0.5793283655112144,0.24814814814814815,7.152557373046875e-07,4137.172346115112
