Precision,Recall,F1-score,avg_n_gt_keywords,avg_n_extraced_leywords,P@5,R@5,F@5,P@10,R@10,F@10,P@15,R@15,F@15,NDCG,MAP,stemmed_Precision,stemmed_Recall,stemmed_F1-score,stemmed_P@5,stemmed_R@5,stemmed_F@5,stemmed_P@10,stemmed_R@10,stemmed_F@10,stemmed_P@15,stemmed_R@15,stemmed_F@15,stemmed_NDCG,stemmed_MAP,training seconds,prediction seconds
0.23512949149252746,0.49214089374946285,0.29346438589627905,5.545267489711934,11.619341563786008,0.2728737997256521,0.26768730889192055,0.2485467437227879,0.2876926971062773,0.44103854025422623,0.32564990864480803,0.28832504372627826,0.48151868102848483,0.3384848762961504,0.7316725011478664,0.42857142857142855,0.2554771208293543,0.5306783844601564,0.31694944155417304,0.31100823045267506,0.30622332873694535,0.28262074374870483,0.31558152067411327,0.47880638451626084,0.35452764492317307,0.31549644342854244,0.5202432274817896,0.36727257681403647,0.7316725011478664,0.42857142857142855,4.76837158203125e-07,8080.17546081543
