Precision,Recall,F1-score,avg_n_gt_keywords,avg_n_extraced_leywords,P@5,R@5,F@5,P@10,R@10,F@10,P@15,R@15,F@15,NDCG,MAP,stemmed_Precision,stemmed_Recall,stemmed_F1-score,stemmed_P@5,stemmed_R@5,stemmed_F@5,stemmed_P@10,stemmed_R@10,stemmed_F@10,stemmed_P@15,stemmed_R@15,stemmed_F@15,stemmed_NDCG,stemmed_MAP,training seconds,prediction seconds
0.14381692367525348,0.2516495867294705,0.16525125527255627,5.545267489711934,5.888888888888889,0.14663923182441724,0.13696980653226115,0.12739106977847425,0.14355117904500628,0.21689049905553173,0.15618080678677523,0.14448625220230163,0.24401407523593435,0.16424180476751962,0.6655145881181499,0.3333333333333333,0.1529251041727461,0.2651604300242644,0.17457605478450758,0.16069958847736654,0.15029556768845084,0.13963605081000513,0.15402785942909408,0.23070943416168552,0.16665969974703368,0.15411736754329353,0.2575249185307283,0.1739555513509134,0.6655145881181499,0.3333333333333333,7.152557373046875e-07,1806.9042942523956
