Precision,Recall,F1-score,avg_n_gt_keywords,avg_n_extraced_leywords,P@5,R@5,F@5,P@10,R@10,F@10,P@15,R@15,F@15,NDCG,MAP,stemmed_Precision,stemmed_Recall,stemmed_F1-score,stemmed_P@5,stemmed_R@5,stemmed_F@5,stemmed_P@10,stemmed_R@10,stemmed_F@10,stemmed_P@15,stemmed_R@15,stemmed_F@15,stemmed_NDCG,stemmed_MAP,training seconds,prediction seconds
0.06149586581685344,0.07691200660336463,0.06206234863096802,5.545267489711934,2.0925925925925926,0.0609739368998628,0.055572435109472136,0.05216820491361869,0.06168593637729438,0.07308337638584553,0.06093072210783689,0.06208940807706236,0.07691200660336463,0.062411152574543195,0.7754047970020513,0.5,0.13745514316501975,0.10994518882500005,0.10133424487915066,0.13782578875171464,0.0883116725927184,0.09175423616631655,0.1377857796067673,0.10611655860748095,0.1003033010164572,0.13805999099208982,0.10994518882500005,0.10169195623904066,0.7754047970020513,0.5,7.152557373046875e-07,2571.3675553798676
