Precision,Recall,F1-score,avg_n_gt_keywords,avg_n_extraced_leywords,P@5,R@5,F@5,P@10,R@10,F@10,P@15,R@15,F@15,NDCG,MAP,stemmed_Precision,stemmed_Recall,stemmed_F1-score,stemmed_P@5,stemmed_R@5,stemmed_F@5,stemmed_P@10,stemmed_R@10,stemmed_F@10,stemmed_P@15,stemmed_R@15,stemmed_F@15,stemmed_NDCG,stemmed_MAP,training seconds,prediction seconds
0.25490468347313255,0.615719485939167,0.333219230833914,5.545267489711934,13.551440329218106,0.2602194787379981,0.27217563032196307,0.2396447404752326,0.262793128225227,0.47293500032606817,0.3102137013017428,0.26063341094205333,0.5699529668266051,0.3309776859491126,0.5793283655112144,0.24814814814814815,0.26754423086248397,0.6440238684229249,0.34895091671661277,0.28875171467764094,0.30334895886275715,0.267419902702675,0.2810013717421125,0.5036782185511308,0.33141262464841914,0.27581233352838347,0.59948603831683,0.34942105896520653,0.5793283655112144,0.24814814814814815,9.5367431640625e-07,4128.0437643527985
