Precision,Recall,F1-score,avg_n_gt_keywords,avg_n_extraced_leywords,P@5,R@5,F@5,P@10,R@10,F@10,P@15,R@15,F@15,NDCG,MAP,stemmed_Precision,stemmed_Recall,stemmed_F1-score,stemmed_P@5,stemmed_R@5,stemmed_F@5,stemmed_P@10,stemmed_R@10,stemmed_F@10,stemmed_P@15,stemmed_R@15,stemmed_F@15,stemmed_NDCG,stemmed_MAP,training seconds,prediction seconds
0.20840116753527332,0.47303511051604724,0.2700056073982575,5.545267489711934,19.055555555555557,0.19783950617284,0.20676200137983008,0.1838477176973586,0.20525671173819296,0.37533394750170357,0.2458190257667102,0.20883540327984795,0.4505549529614526,0.26639948842391886,0.3315921568555986,0.15789473684210525,0.21569221092468716,0.49320807682191103,0.28009731147357125,0.21316872427983588,0.2234534297905758,0.19866926403908627,0.21441227382585376,0.3939343836856547,0.2573086106258755,0.2171422256298801,0.469935159215297,0.27735836962700455,0.3315921568555986,0.15789473684210525,7.152557373046875e-07,1729.4401335716248
