Precision,Recall,F1-score,avg_n_gt_keywords,avg_n_extraced_leywords,P@5,R@5,F@5,P@10,R@10,F@10,P@15,R@15,F@15,NDCG,MAP,stemmed_Precision,stemmed_Recall,stemmed_F1-score,stemmed_P@5,stemmed_R@5,stemmed_F@5,stemmed_P@10,stemmed_R@10,stemmed_F@10,stemmed_P@15,stemmed_R@15,stemmed_F@15,stemmed_NDCG,stemmed_MAP,training seconds,prediction seconds
0.09198638159319857,0.14397492253973732,0.09978747853220228,5.545267489711934,3.9670781893004117,0.0909465020576132,0.08484282235825445,0.07926434231598635,0.09214677640603568,0.13123768835188593,0.0971015004758982,0.09239723468118534,0.1400748103062918,0.09936567358610093,0.8301894834227401,0.6,0.14606087934053585,0.17491376334604355,0.13190656333159892,0.15013717421124845,0.1159645621128919,0.11396126194630428,0.14912143183748125,0.16269093245037322,0.13056205316780808,0.14907803673235778,0.17101365111259806,0.13249002419136963,0.8301894834227401,0.6,7.152557373046875e-07,2035.1785135269165
