Precision,Recall,F1-score,avg_n_gt_keywords,avg_n_extraced_leywords,P@5,R@5,F@5,P@10,R@10,F@10,P@15,R@15,F@15,NDCG,MAP,stemmed_Precision,stemmed_Recall,stemmed_F1-score,stemmed_P@5,stemmed_R@5,stemmed_F@5,stemmed_P@10,stemmed_R@10,stemmed_F@10,stemmed_P@15,stemmed_R@15,stemmed_F@15,stemmed_NDCG,stemmed_MAP,training seconds,prediction seconds
0.2074615629069649,0.4193355716676341,0.2562766074875538,5.545267489711934,9.154320987654321,0.20466392318244225,0.22295655130259354,0.19342036584805875,0.20856603958455824,0.3659525786822446,0.24445834540837286,0.20872879406830047,0.4063207173283426,0.25482906207193035,0.48839215964002813,0.21885521885521886,0.24578747717815497,0.45951340736108354,0.28832571480980695,0.25308641975308704,0.2615781871373739,0.23049058841408215,0.24983261480175067,0.40568875498341755,0.2780298864036349,0.2490410595348869,0.4465712969216964,0.28768799143120144,0.48839215964002813,0.21885521885521886,1.1920928955078125e-06,1741.2969624996185
