Precision,Recall,F1-score,avg_n_gt_keywords,avg_n_extraced_leywords,P@5,R@5,F@5,P@10,R@10,F@10,P@15,R@15,F@15,NDCG,MAP,stemmed_Precision,stemmed_Recall,stemmed_F1-score,stemmed_P@5,stemmed_R@5,stemmed_F@5,stemmed_P@10,stemmed_R@10,stemmed_F@10,stemmed_P@15,stemmed_R@15,stemmed_F@15,stemmed_NDCG,stemmed_MAP,training seconds,prediction seconds
0.08616098775546827,0.16297515806230406,0.09732840248120267,5.545267489711934,7.246913580246914,0.11234567901234568,0.10413588294488806,0.09816327154380887,0.1139182833627279,0.14907207642138653,0.1155577704684558,0.11501199417866097,0.16143105744412933,0.11945027035759923,0.732828620477791,0.75,0.10264110474361822,0.18287554258324046,0.11232954683728778,0.1373113854595337,0.12140562535987375,0.1163562582553141,0.13724688091972048,0.16842376409732987,0.13381167904973515,0.1380492050245138,0.18119426775381747,0.13757591137058625,0.732828620477791,0.75,1.1920928955078125e-06,1437.9785459041595
