Precision,Recall,F1-score,avg_n_gt_keywords,avg_n_extraced_leywords,P@5,R@5,F@5,P@10,R@10,F@10,P@15,R@15,F@15,NDCG,MAP,stemmed_Precision,stemmed_Recall,stemmed_F1-score,stemmed_P@5,stemmed_R@5,stemmed_F@5,stemmed_P@10,stemmed_R@10,stemmed_F@10,stemmed_P@15,stemmed_R@15,stemmed_F@15,stemmed_NDCG,stemmed_MAP,training seconds,prediction seconds
0.2949114286788994,0.5612566755576924,0.3615473165384975,5.545267489711934,10.281893004115226,0.2919753086419755,0.30978356768571,0.2753252719173689,0.295274838330394,0.5045369121585536,0.3467100463625898,0.2961021774293381,0.5522151580902489,0.3604187705626122,0.33782057848058267,0.16666666666666666,0.3164444458128129,0.5880666014235368,0.380591245055282,0.3210905349794239,0.33371209283064734,0.2981320581137703,0.31784816121235876,0.5299440684117518,0.3661905391333526,0.31830967957511175,0.5787735979021381,0.37993038173885013,0.33782057848058267,0.16666666666666666,7.152557373046875e-07,3991.6571180820465
