Precision,Recall,F1-score,avg_n_gt_keywords,avg_n_extraced_leywords,P@5,R@5,F@5,P@10,R@10,F@10,P@15,R@15,F@15,NDCG,MAP,stemmed_Precision,stemmed_Recall,stemmed_F1-score,stemmed_P@5,stemmed_R@5,stemmed_F@5,stemmed_P@10,stemmed_R@10,stemmed_F@10,stemmed_P@15,stemmed_R@15,stemmed_F@15,stemmed_NDCG,stemmed_MAP,training seconds,prediction seconds
0.1056765795327887,0.10929147354165515,0.0947834889886644,5.545267489711934,2.4691358024691357,0.10336076817558307,0.08428390223778749,0.08249734662501859,0.10611241753217063,0.10658064984317711,0.09406379135251988,0.10587476081303245,0.10917716169894824,0.09482852613571585,0.8301894834227401,0.6,0.1585867066713109,0.13747850168874137,0.12632058237957625,0.15754458161865575,0.11217698564648461,0.11442760201206405,0.1591898556404729,0.13476767799026337,0.12567081577502615,0.15891790536852263,0.13736418984603446,0.12641684498396097,0.8301894834227401,0.6,7.152557373046875e-07,2507.939280986786
