Precision,Recall,F1-score,avg_n_gt_keywords,avg_n_extraced_leywords,P@5,R@5,F@5,P@10,R@10,F@10,P@15,R@15,F@15,NDCG,MAP,stemmed_Precision,stemmed_Recall,stemmed_F1-score,stemmed_P@5,stemmed_R@5,stemmed_F@5,stemmed_P@10,stemmed_R@10,stemmed_F@10,stemmed_P@15,stemmed_R@15,stemmed_F@15,stemmed_NDCG,stemmed_MAP,training seconds,prediction seconds
0.18742704617795405,0.2391746298699821,0.19488303376363375,5.545267489711934,4.156378600823046,0.18494513031550103,0.1708705328803369,0.1642266348905428,0.1867537069697564,0.23203155004171708,0.1913184245086377,0.1877208468257852,0.23801332546793696,0.19445125619820078,0.7316725011478664,0.42857142857142855,0.2404555677249941,0.27300318498575576,0.22868088837433975,0.23998628257887553,0.20322773127784025,0.198697231917995,0.24017326409301723,0.2657457933147839,0.22530528770086727,0.24092573521585872,0.27172756874100373,0.2282682960132772,0.7316725011478664,0.42857142857142855,1.1920928955078125e-06,4029.4821212291718
