Precision,Recall,F1-score,avg_n_gt_keywords,avg_n_extraced_leywords,P@5,R@5,F@5,P@10,R@10,F@10,P@15,R@15,F@15,NDCG,MAP,stemmed_Precision,stemmed_Recall,stemmed_F1-score,stemmed_P@5,stemmed_R@5,stemmed_F@5,stemmed_P@10,stemmed_R@10,stemmed_F@10,stemmed_P@15,stemmed_R@15,stemmed_F@15,stemmed_NDCG,stemmed_MAP,training seconds,prediction seconds
0.26560822410877133,0.4962757921091253,0.3223823480432984,5.545267489711934,9.946502057613168,0.2639917695473258,0.26581520778234663,0.24357244451578838,0.2724345156443922,0.43220975052946725,0.30997232106334577,0.2678449351288861,0.4806106768107492,0.32012929746136004,0.5793283655112144,0.24814814814814815,0.28507988334284967,0.52872124043148,0.34240585100065435,0.2937242798353911,0.29811124192115485,0.2697207984806197,0.2954471226076165,0.4632834567393392,0.33155564953989985,0.28982473288028876,0.513056125133104,0.34121447286235784,0.5793283655112144,0.24814814814814815,1.6689300537109375e-06,4132.589469432831
