Precision,Recall,F1-score,avg_n_gt_keywords,avg_n_extraced_leywords,P@5,R@5,F@5,P@10,R@10,F@10,P@15,R@15,F@15,NDCG,MAP,stemmed_Precision,stemmed_Recall,stemmed_F1-score,stemmed_P@5,stemmed_R@5,stemmed_F@5,stemmed_P@10,stemmed_R@10,stemmed_F@10,stemmed_P@15,stemmed_R@15,stemmed_F@15,stemmed_NDCG,stemmed_MAP,training seconds,prediction seconds
0.050761924194082604,0.11229374877523034,0.06202241637071723,5.545267489711934,6.436213991769547,0.051440329218106956,0.0590748015130731,0.05017929005449133,0.0540784832451499,0.09316078183362135,0.061963452670749215,0.05546422598891733,0.10633259401777927,0.06564888933329092,0.7754047970020513,0.5,0.09871397686298984,0.13783947648145187,0.08968978200368127,0.11128257887517148,0.08427759369117396,0.0816513331006084,0.11255470638186693,0.11870650953984292,0.0928624690635927,0.11366298310742758,0.1318783217240008,0.09636657945968799,0.7754047970020513,0.5,4.76837158203125e-07,2213.454602241516
