Precision,Recall,F1-score,avg_n_gt_keywords,avg_n_extraced_leywords,P@5,R@5,F@5,P@10,R@10,F@10,P@15,R@15,F@15,NDCG,MAP,stemmed_Precision,stemmed_Recall,stemmed_F1-score,stemmed_P@5,stemmed_R@5,stemmed_F@5,stemmed_P@10,stemmed_R@10,stemmed_F@10,stemmed_P@15,stemmed_R@15,stemmed_F@15,stemmed_NDCG,stemmed_MAP,training seconds,prediction seconds
0.0367518260673671,0.0327019258882004,0.026211835333261175,5.545267489711934,0.9711934156378601,0.03518518518518518,0.01668612587821012,0.019197175889833464,0.03601721209745901,0.025573765982262714,0.02403626723247944,0.03667920442611801,0.03137917456544908,0.026002430692474016,1.0,1.0,0.04561208446466252,0.03661718072938117,0.03070162381236663,0.04471879286694101,0.02044461019224999,0.023956945155775556,0.04502743484224966,0.02948902082344348,0.028585609603172572,0.04565817127545521,0.03529442940662984,0.030541209961310996,1.0,1.0,7.152557373046875e-07,2462.8259172439575
