Precision,Recall,F1-score,avg_n_gt_keywords,avg_n_extraced_leywords,P@5,R@5,F@5,P@10,R@10,F@10,P@15,R@15,F@15,NDCG,MAP,stemmed_Precision,stemmed_Recall,stemmed_F1-score,stemmed_P@5,stemmed_R@5,stemmed_F@5,stemmed_P@10,stemmed_R@10,stemmed_F@10,stemmed_P@15,stemmed_R@15,stemmed_F@15,stemmed_NDCG,stemmed_MAP,training seconds,prediction seconds
0.22606451247015918,0.43731277175176936,0.27433477421030256,5.545267489711934,10.331275720164609,0.24430727023319673,0.22986584648440142,0.2188250100842273,0.2560911881899536,0.3831086871518969,0.28632516909582706,0.2551934976317693,0.4244048491987852,0.29777449238365183,0.8301894834227401,0.6,0.252298126440988,0.47821056448325866,0.301588037219068,0.2872427983539097,0.268390309527746,0.25491453170627587,0.29067541968776534,0.42316472904163527,0.3184668124444838,0.2885854200669018,0.4653753858301789,0.32921539658972165,0.8301894834227401,0.6,1.6689300537109375e-06,6457.448040723801
