Precision,Recall,F1-score,avg_n_gt_keywords,avg_n_extraced_leywords,P@5,R@5,F@5,P@10,R@10,F@10,P@15,R@15,F@15,NDCG,MAP,stemmed_Precision,stemmed_Recall,stemmed_F1-score,stemmed_P@5,stemmed_R@5,stemmed_F@5,stemmed_P@10,stemmed_R@10,stemmed_F@10,stemmed_P@15,stemmed_R@15,stemmed_F@15,stemmed_NDCG,stemmed_MAP,training seconds,prediction seconds
0.27264107831122686,0.47507918662875065,0.3243102811768668,5.545267489711934,9.339506172839506,0.2687928669410157,0.2892301019134715,0.2540676202441481,0.27099336991312295,0.4358524795089787,0.312008405907127,0.2728237982867611,0.46760534648788077,0.3229688654083787,0.6733627733422863,0.3650793650793651,0.29536141151630957,0.49603464890229576,0.34208926941642764,0.29502743484225,0.3093916370350646,0.2736895009589844,0.2947171598406166,0.4572400405479558,0.33056137364593186,0.2957323883249809,0.4885608087614258,0.3408947818069241,0.6733627733422863,0.3650793650793651,1.9073486328125e-06,1835.453463792801
