Precision,Recall,F1-score,avg_n_gt_keywords,avg_n_extraced_leywords,P@5,R@5,F@5,P@10,R@10,F@10,P@15,R@15,F@15,NDCG,MAP,stemmed_Precision,stemmed_Recall,stemmed_F1-score,stemmed_P@5,stemmed_R@5,stemmed_F@5,stemmed_P@10,stemmed_R@10,stemmed_F@10,stemmed_P@15,stemmed_R@15,stemmed_F@15,stemmed_NDCG,stemmed_MAP,training seconds,prediction seconds
0.32256228524434105,0.6005516930553241,0.3944106847940585,5.545267489711934,10.246913580246913,0.31855281207133057,0.33857179648937097,0.30057770828808433,0.32286481808086753,0.5396650426888264,0.37700335546523955,0.3250239757955812,0.5918867523315597,0.3939462687952757,0.6655145881181499,0.3333333333333333,0.338602163749422,0.635030281722366,0.41469957391558965,0.345781893004115,0.37211072696366804,0.32769841089980695,0.3411375661375665,0.5741935128872311,0.3989973316792339,0.3421950363308395,0.626552396741213,0.4151083425424815,0.6655145881181499,0.3333333333333333,9.5367431640625e-07,1618.0988442897797
