Precision,Recall,F1-score,avg_n_gt_keywords,avg_n_extraced_leywords,P@5,R@5,F@5,P@10,R@10,F@10,P@15,R@15,F@15,NDCG,MAP,stemmed_Precision,stemmed_Recall,stemmed_F1-score,stemmed_P@5,stemmed_R@5,stemmed_F@5,stemmed_P@10,stemmed_R@10,stemmed_F@10,stemmed_P@15,stemmed_R@15,stemmed_F@15,stemmed_NDCG,stemmed_MAP,training seconds,prediction seconds
0.2972619290958721,0.5965255939829284,0.3726745942245509,5.545267489711934,10.921810699588477,0.30545267489711964,0.32358148928319597,0.2878728894353023,0.299163890521915,0.5325984116343593,0.35756818033309556,0.29985383272420335,0.5854770512241462,0.3722342665017713,0.6957287968104828,0.375,0.3126976105081915,0.6298216717452372,0.3921175509657803,0.33055555555555527,0.3544976310235932,0.3130414404035152,0.3164176301521979,0.5659918543088476,0.3785359389847971,0.31636754877495643,0.6189601847290663,0.392592419188799,0.6957287968104828,0.375,7.152557373046875e-07,1432.2723574638367
