Precision,Recall,F1-score,avg_n_gt_keywords,avg_n_extraced_leywords,P@5,R@5,F@5,P@10,R@10,F@10,P@15,R@15,F@15,NDCG,MAP,stemmed_Precision,stemmed_Recall,stemmed_F1-score,stemmed_P@5,stemmed_R@5,stemmed_F@5,stemmed_P@10,stemmed_R@10,stemmed_F@10,stemmed_P@15,stemmed_R@15,stemmed_F@15,stemmed_NDCG,stemmed_MAP,training seconds,prediction seconds
0.27604426689493117,0.5676934388535696,0.3419430811387684,5.545267489711934,11.516460905349794,0.2911522633744858,0.2967217900714634,0.26640763224321773,0.283451727741851,0.47583531990213174,0.326018537961069,0.28076563925329373,0.547489762785696,0.3415190098512781,0.5088285452291041,0.24166666666666667,0.2921252221901538,0.6000815391338268,0.3615714806373496,0.32198216735253754,0.3309105017202332,0.2963898009986541,0.3034652818603435,0.5084267319597748,0.34894674479154064,0.29901207617257,0.5797635512232462,0.3629849564680617,0.5088285452291041,0.24166666666666667,7.152557373046875e-07,4275.5591542720795
