Precision,Recall,F1-score,avg_n_gt_keywords,avg_n_extraced_leywords,P@5,R@5,F@5,P@10,R@10,F@10,P@15,R@15,F@15,NDCG,MAP,stemmed_Precision,stemmed_Recall,stemmed_F1-score,stemmed_P@5,stemmed_R@5,stemmed_F@5,stemmed_P@10,stemmed_R@10,stemmed_F@10,stemmed_P@15,stemmed_R@15,stemmed_F@15,stemmed_NDCG,stemmed_MAP,training seconds,prediction seconds
0.19270790262770734,0.3358175276403308,0.22108763193800174,5.545267489711934,8.401234567901234,0.21622085048011022,0.2005441508718562,0.19103325367323745,0.22569077013521463,0.30911229246559674,0.24070827501754297,0.22683393424134185,0.32840900680588414,0.24773273290520653,0.8301894834227401,0.6,0.22532630424694042,0.37332741514114054,0.2509566702697994,0.26800411522633794,0.23776865845765643,0.23014844761108194,0.2701066366189823,0.34637836799419935,0.2763088368066471,0.2708294334837546,0.36599163820659836,0.2831825384935745,0.8301894834227401,0.6,7.152557373046875e-07,7080.328095436096
