Precision,Recall,F1-score,avg_n_gt_keywords,avg_n_extraced_leywords,P@5,R@5,F@5,P@10,R@10,F@10,P@15,R@15,F@15,NDCG,MAP,stemmed_Precision,stemmed_Recall,stemmed_F1-score,stemmed_P@5,stemmed_R@5,stemmed_F@5,stemmed_P@10,stemmed_R@10,stemmed_F@10,stemmed_P@15,stemmed_R@15,stemmed_F@15,stemmed_NDCG,stemmed_MAP,training seconds,prediction seconds
0.1948834444875675,0.41358310481041055,0.24990231250435765,5.545267489711934,11.944444444444445,0.17572016460905399,0.17515822647994053,0.1600123742401269,0.19445995819452616,0.334268417205055,0.22931178339743316,0.19662509415595855,0.39353217467596535,0.24664928568397967,0.360691176496464,0.2,0.20475524912273074,0.43464232847493584,0.2621422892108078,0.19430727023319677,0.19356044208622294,0.17728088701517575,0.20720817819583273,0.35580530106946245,0.2439372515104918,0.20789501422217502,0.41429745360210146,0.25992116737015236,0.360691176496464,0.2,4.76837158203125e-07,1601.8585276603699
