Precision,Recall,F1-score,avg_n_gt_keywords,avg_n_extraced_leywords,P@5,R@5,F@5,P@10,R@10,F@10,P@15,R@15,F@15,NDCG,MAP,stemmed_Precision,stemmed_Recall,stemmed_F1-score,stemmed_P@5,stemmed_R@5,stemmed_F@5,stemmed_P@10,stemmed_R@10,stemmed_F@10,stemmed_P@15,stemmed_R@15,stemmed_F@15,stemmed_NDCG,stemmed_MAP,training seconds,prediction seconds
0.2921123903937897,0.5044919425701926,0.34850787085826757,5.545267489711934,8.362139917695472,0.299417009602195,0.30547366744716065,0.27889894919363517,0.2956471683323534,0.46221931303721453,0.33721708199619643,0.29325866748706253,0.49806642223399683,0.3474811395893405,0.7316725011478664,0.42857142857142855,0.3183581845510906,0.5377647185717265,0.37191518596195516,0.3329561042524005,0.3367076843111702,0.3057802961935655,0.32308037755568614,0.4953549148275005,0.3613446811134439,0.32004776773295296,0.5313391982355309,0.37119145301241513,0.7316725011478664,0.42857142857142855,9.5367431640625e-07,4949.624120473862
