Precision,Recall,F1-score,avg_n_gt_keywords,avg_n_extraced_leywords,P@5,R@5,F@5,P@10,R@10,F@10,P@15,R@15,F@15,NDCG,MAP,stemmed_Precision,stemmed_Recall,stemmed_F1-score,stemmed_P@5,stemmed_R@5,stemmed_F@5,stemmed_P@10,stemmed_R@10,stemmed_F@10,stemmed_P@15,stemmed_R@15,stemmed_F@15,stemmed_NDCG,stemmed_MAP,training seconds,prediction seconds
0.19201075549377544,0.3479198145583405,0.23279913048134154,5.545267489711934,9.067901234567902,0.18768861454046698,0.1949852204736012,0.17437930135989346,0.19107469462407736,0.303642239474665,0.2194896755716988,0.1927105302105303,0.34103335712540517,0.2313259655105398,0.4425310570563989,0.17063492063492064,0.20417281448981756,0.3685140868102017,0.24715824961260977,0.2062071330589855,0.21301731983286093,0.19171594024270452,0.20441896923378414,0.3229472086253133,0.23452628254252594,0.20566311831743947,0.3609098854895878,0.24622210591266133,0.4425310570563989,0.17063492063492064,7.152557373046875e-07,3231.6714980602264
