Precision,Recall,F1-score,avg_n_gt_keywords,avg_n_extraced_leywords,P@5,R@5,F@5,P@10,R@10,F@10,P@15,R@15,F@15,NDCG,MAP,stemmed_Precision,stemmed_Recall,stemmed_F1-score,stemmed_P@5,stemmed_R@5,stemmed_F@5,stemmed_P@10,stemmed_R@10,stemmed_F@10,stemmed_P@15,stemmed_R@15,stemmed_F@15,stemmed_NDCG,stemmed_MAP,training seconds,prediction seconds
0.18791211357492993,0.46342631083916497,0.24638779234427627,5.545267489711934,10.810699588477366,0.19914266117969862,0.21121777822758214,0.18685233993070147,0.1948682147756222,0.36664496353857284,0.23392413887057464,0.18966959537947234,0.4343741350368075,0.24368192606048242,0.6655145881181499,0.3333333333333333,0.2209192124644606,0.4986951951730455,0.2703210123771616,0.24324417009602245,0.24460222441159263,0.21827840850751745,0.23080704160951068,0.4020151697330344,0.2605205513734518,0.22403562372698202,0.4704987993931348,0.26904995249135605,0.6655145881181499,0.3333333333333333,7.152557373046875e-07,1483.068629026413
