Precision,Recall,F1-score,avg_n_gt_keywords,avg_n_extraced_leywords,P@5,R@5,F@5,P@10,R@10,F@10,P@15,R@15,F@15,NDCG,MAP,stemmed_Precision,stemmed_Recall,stemmed_F1-score,stemmed_P@5,stemmed_R@5,stemmed_F@5,stemmed_P@10,stemmed_R@10,stemmed_F@10,stemmed_P@15,stemmed_R@15,stemmed_F@15,stemmed_NDCG,stemmed_MAP,training seconds,prediction seconds
0.27439294404589654,0.5634050276897042,0.34428389066537146,5.545267489711934,11.664609053497943,0.2826131687242803,0.27773947692883805,0.2573138839504431,0.2820595728003139,0.46487574762175354,0.3255664944061964,0.27527081971526446,0.5355714769912302,0.3391697798295785,0.5793283655112144,0.24814814814814815,0.2890966374416909,0.5955472832796728,0.36271421070148574,0.3074759945130314,0.3084515934252683,0.2816993990972431,0.2995321379580641,0.4962449573678696,0.3459234696046769,0.29146153914672474,0.5678347686499465,0.3588909982140836,0.5793283655112144,0.24814814814814815,1.1920928955078125e-06,4150.618848800659
