Precision,Recall,F1-score,avg_n_gt_keywords,avg_n_extraced_leywords,P@5,R@5,F@5,P@10,R@10,F@10,P@15,R@15,F@15,NDCG,MAP,stemmed_Precision,stemmed_Recall,stemmed_F1-score,stemmed_P@5,stemmed_R@5,stemmed_F@5,stemmed_P@10,stemmed_R@10,stemmed_F@10,stemmed_P@15,stemmed_R@15,stemmed_F@15,stemmed_NDCG,stemmed_MAP,training seconds,prediction seconds
0.01655523081327971,0.011525899797504737,0.011410789313743869,5.545267489711934,0.5082304526748971,0.01748971193415638,0.0089212228101117,0.01026847098318897,0.016519694297472076,0.00978895361611411,0.010656220896350087,0.01656957582883509,0.01055053771103154,0.011159757472298085,1.0,1.0,0.018612843982003992,0.012211770853746163,0.01243959589810601,0.019890260631001373,0.009607093866353127,0.011343002304633873,0.018920242994317066,0.01047482467235554,0.011730752217794987,0.01897012452568008,0.011236408767272965,0.012234288793742987,1.0,1.0,9.5367431640625e-07,2476.080794811249
