Precision,Recall,F1-score,avg_n_gt_keywords,avg_n_extraced_leywords,P@5,R@5,F@5,P@10,R@10,F@10,P@15,R@15,F@15,NDCG,MAP,stemmed_Precision,stemmed_Recall,stemmed_F1-score,stemmed_P@5,stemmed_R@5,stemmed_F@5,stemmed_P@10,stemmed_R@10,stemmed_F@10,stemmed_P@15,stemmed_R@15,stemmed_F@15,stemmed_NDCG,stemmed_MAP,training seconds,prediction seconds
0.17926430441619626,0.3714322210509575,0.22358022476877204,5.545267489711934,11.432098765432098,0.17623456790123504,0.18447862860263017,0.16434930953388815,0.1850757724214514,0.3161165487999186,0.21678265625319426,0.1857522450115043,0.35753847762017693,0.22729025535101882,0.6957287968104828,0.375,0.2165214731896285,0.41072258116557325,0.2539723471065556,0.22376543209876598,0.22407191510041918,0.20149216060623917,0.2253829446730681,0.35619566062921215,0.24979613429173675,0.22489147226801562,0.3964173151010478,0.25914052224976475,0.6957287968104828,0.375,4.76837158203125e-07,1751.3153328895569
