Precision,Recall,F1-score,avg_n_gt_keywords,avg_n_extraced_leywords,P@5,R@5,F@5,P@10,R@10,F@10,P@15,R@15,F@15,NDCG,MAP,stemmed_Precision,stemmed_Recall,stemmed_F1-score,stemmed_P@5,stemmed_R@5,stemmed_F@5,stemmed_P@10,stemmed_R@10,stemmed_F@10,stemmed_P@15,stemmed_R@15,stemmed_F@15,stemmed_NDCG,stemmed_MAP,training seconds,prediction seconds
0.21577618812392726,0.4640622400408162,0.2721546304521552,5.545267489711934,12.882716049382717,0.22760631001371814,0.23271214516675678,0.20988060408756343,0.22462930302436482,0.3892456333306006,0.2630901574179528,0.22175742638705637,0.4514855394947984,0.2758998379576718,0.6396587213360692,0.3,0.2367070113946484,0.49808127252934764,0.2926744219741162,0.2605624142661188,0.2653325648369224,0.23835158268341874,0.24820775360898828,0.4232459602448708,0.28601041123661014,0.24360713018120458,0.4855045719833297,0.297238596546427,0.6396587213360692,0.3,7.152557373046875e-07,1671.4138658046722
