Precision,Recall,F1-score,avg_n_gt_keywords,avg_n_extraced_leywords,P@5,R@5,F@5,P@10,R@10,F@10,P@15,R@15,F@15,NDCG,MAP,stemmed_Precision,stemmed_Recall,stemmed_F1-score,stemmed_P@5,stemmed_R@5,stemmed_F@5,stemmed_P@10,stemmed_R@10,stemmed_F@10,stemmed_P@15,stemmed_R@15,stemmed_F@15,stemmed_NDCG,stemmed_MAP,training seconds,prediction seconds
0.19264186148717755,0.29741463930915624,0.21393681748073354,5.545267489711934,4.820987654320987,0.20860768175583028,0.21407396887789054,0.19084359928904335,0.19422235286432818,0.2858372638483385,0.2109074343151232,0.19303424056510488,0.2963287658776038,0.21372891602193533,0.8301894834227401,0.6,0.2050187601204306,0.30565417667541833,0.22262477248511367,0.22184499314128986,0.2229660635633766,0.20007558815066187,0.20697465543144555,0.2939944966878517,0.21979993633474998,0.20575685174450623,0.30448599871711696,0.22263584648423954,0.8301894834227401,0.6,7.152557373046875e-07,2437.9039421081543
