Precision,Recall,F1-score,avg_n_gt_keywords,avg_n_extraced_leywords,P@5,R@5,F@5,P@10,R@10,F@10,P@15,R@15,F@15,NDCG,MAP,stemmed_Precision,stemmed_Recall,stemmed_F1-score,stemmed_P@5,stemmed_R@5,stemmed_F@5,stemmed_P@10,stemmed_R@10,stemmed_F@10,stemmed_P@15,stemmed_R@15,stemmed_F@15,stemmed_NDCG,stemmed_MAP,training seconds,prediction seconds
0.027845000221543424,0.025879384675680964,0.02349107643304226,5.545267489711934,1.2345679012345678,0.028086419753086418,0.01915294924554184,0.02122293312972483,0.02830606179371611,0.0253649813834999,0.02387792013790561,0.027933183643060182,0.025879384675680964,0.02358604319467569,0.732828620477791,0.75,0.06277543330012468,0.039835301872338906,0.04172400948079012,0.06334019204389575,0.033108866442199764,0.03958947742219505,0.06323649487229735,0.03932089858015784,0.04211085318565347,0.06286361672164142,0.039835301872338906,0.04181897624242355,0.732828620477791,0.75,7.152557373046875e-07,3875.1333816051483
