Precision,Recall,F1-score,avg_n_gt_keywords,avg_n_extraced_leywords,P@5,R@5,F@5,P@10,R@10,F@10,P@15,R@15,F@15,NDCG,MAP,stemmed_Precision,stemmed_Recall,stemmed_F1-score,stemmed_P@5,stemmed_R@5,stemmed_F@5,stemmed_P@10,stemmed_R@10,stemmed_F@10,stemmed_P@15,stemmed_R@15,stemmed_F@15,stemmed_NDCG,stemmed_MAP,training seconds,prediction seconds
0.02413002671287272,0.009634379378388092,0.012126310654669934,5.545267489711934,0.565843621399177,0.024279835390946504,0.007885927784257486,0.01096156168172629,0.02421124828532236,0.008745864600984426,0.011706039637961836,0.024245541838134436,0.009634379378388092,0.012232339030514017,1.0,1.0,0.02413002671287272,0.009634379378388092,0.012126310654669934,0.024279835390946504,0.007885927784257486,0.01096156168172629,0.02421124828532236,0.008745864600984426,0.011706039637961836,0.024245541838134436,0.009634379378388092,0.012232339030514017,1.0,1.0,7.152557373046875e-07,2828.1657798290253
