Precision,Recall,F1-score,avg_n_gt_keywords,avg_n_extraced_leywords,P@5,R@5,F@5,P@10,R@10,F@10,P@15,R@15,F@15,NDCG,MAP,stemmed_Precision,stemmed_Recall,stemmed_F1-score,stemmed_P@5,stemmed_R@5,stemmed_F@5,stemmed_P@10,stemmed_R@10,stemmed_F@10,stemmed_P@15,stemmed_R@15,stemmed_F@15,stemmed_NDCG,stemmed_MAP,training seconds,prediction seconds
0.20467536081049897,0.3935533926991806,0.24604027526290081,5.545267489711934,9.648148148148149,0.2159122085048017,0.19808935396081373,0.18987981059649672,0.2098079561042524,0.3141074966683172,0.23203862505313388,0.20897787626182726,0.3703849140114573,0.24557455771205125,0.5793283655112144,0.24814814814814815,0.22291920003125726,0.424041592468426,0.2645636796367916,0.24307270233196232,0.22535489417116147,0.21384683940433138,0.2312103991116337,0.34269994499569645,0.2524940887262779,0.22923332383208964,0.40087983800674415,0.2655203359594334,0.5793283655112144,0.24814814814814815,1.1920928955078125e-06,5057.012201309204
