Precision,Recall,F1-score,avg_n_gt_keywords,avg_n_extraced_leywords,P@5,R@5,F@5,P@10,R@10,F@10,P@15,R@15,F@15,NDCG,MAP,stemmed_Precision,stemmed_Recall,stemmed_F1-score,stemmed_P@5,stemmed_R@5,stemmed_F@5,stemmed_P@10,stemmed_R@10,stemmed_F@10,stemmed_P@15,stemmed_R@15,stemmed_F@15,stemmed_NDCG,stemmed_MAP,training seconds,prediction seconds
0.2919279573852456,0.6091589402219396,0.37097221900216365,5.545267489711934,11.91769547325103,0.3078532235939643,0.3185338322883713,0.2861260048548317,0.2955369390554574,0.5189620436316156,0.3508409919415496,0.2933942943202206,0.5863426176488994,0.3670573494258344,0.6655145881181499,0.3333333333333333,0.30376953468464196,0.6388638375194297,0.3869427729073151,0.32945816186556925,0.34630767595727685,0.30873271131468955,0.30964873603762494,0.548784518824461,0.3686706884093991,0.3060324506312164,0.6157535702080004,0.383589805174278,0.6655145881181499,0.3333333333333333,4.5299530029296875e-06,2047.1413958072662
