Precision,Recall,F1-score,avg_n_gt_keywords,avg_n_extraced_leywords,P@5,R@5,F@5,P@10,R@10,F@10,P@15,R@15,F@15,NDCG,MAP,stemmed_Precision,stemmed_Recall,stemmed_F1-score,stemmed_P@5,stemmed_R@5,stemmed_F@5,stemmed_P@10,stemmed_R@10,stemmed_F@10,stemmed_P@15,stemmed_R@15,stemmed_F@15,stemmed_NDCG,stemmed_MAP,training seconds,prediction seconds
0.10172715870574321,0.14949996881732547,0.11086049315933792,5.545267489711934,3.888888888888889,0.09869684499314131,0.09734180247252144,0.08917120059340483,0.1018387876412568,0.14083094015374342,0.10843652981638109,0.1022508241644044,0.14858914183532926,0.11115949438147806,0.7754047970020513,0.5,0.1639416617381476,0.17909980226610586,0.14617427924711787,0.16279149519890282,0.12619860894370707,0.12470699328481803,0.16522960350120847,0.17043077360252384,0.14392871546527666,0.1655387593659199,0.1781889752841097,0.14655146378330883,0.7754047970020513,0.5,9.5367431640625e-07,2175.220869541168
