Precision,Recall,F1-score,avg_n_gt_keywords,avg_n_extraced_leywords,P@5,R@5,F@5,P@10,R@10,F@10,P@15,R@15,F@15,NDCG,MAP,stemmed_Precision,stemmed_Recall,stemmed_F1-score,stemmed_P@5,stemmed_R@5,stemmed_F@5,stemmed_P@10,stemmed_R@10,stemmed_F@10,stemmed_P@15,stemmed_R@15,stemmed_F@15,stemmed_NDCG,stemmed_MAP,training seconds,prediction seconds
0.35384212109597224,0.5905946759405365,0.41417043691582595,5.545267489711934,8.58230452674897,0.3614540466392315,0.3915170679195731,0.34348488305475683,0.35527875759357286,0.5586136517400131,0.4053602070494559,0.3547001295458089,0.5868850191135957,0.4137643211142729,0.7316725011478664,0.42857142857142855,0.3698396703406166,0.6095277141764069,0.4293958341409015,0.3839163237311382,0.4096433763055038,0.36175423541089213,0.37314896466131064,0.5781780031071968,0.4220390952388425,0.3719409020334949,0.606262314738168,0.4299916314383514,0.7316725011478664,0.42857142857142855,5.245208740234375e-06,4754.660441398621
