Precision,Recall,F1-score,avg_n_gt_keywords,avg_n_extraced_leywords,P@5,R@5,F@5,P@10,R@10,F@10,P@15,R@15,F@15,NDCG,MAP,stemmed_Precision,stemmed_Recall,stemmed_F1-score,stemmed_P@5,stemmed_R@5,stemmed_F@5,stemmed_P@10,stemmed_R@10,stemmed_F@10,stemmed_P@15,stemmed_R@15,stemmed_F@15,stemmed_NDCG,stemmed_MAP,training seconds,prediction seconds
0.17759701608265976,0.4871401374923527,0.2389216944173431,5.545267489711934,17.674897119341562,0.21731824417009657,0.23275584857193443,0.20486404132233096,0.22879760271735572,0.403614235054867,0.2707577149904176,0.230061873426071,0.46305900603740136,0.2870481661029927,0.3206545335101186,0.14285714285714285,0.19646838461868665,0.5219968711054405,0.2588909463500471,0.254526748971194,0.2639512229681076,0.23501925334506593,0.258192076556274,0.4370055273876986,0.29717527790522286,0.2577831804683657,0.4980016733783982,0.31250997840497435,0.3206545335101186,0.14285714285714285,1.430511474609375e-06,8578.356858968735
