Precision,Recall,F1-score,avg_n_gt_keywords,avg_n_extraced_leywords,P@5,R@5,F@5,P@10,R@10,F@10,P@15,R@15,F@15,NDCG,MAP,stemmed_Precision,stemmed_Recall,stemmed_F1-score,stemmed_P@5,stemmed_R@5,stemmed_F@5,stemmed_P@10,stemmed_R@10,stemmed_F@10,stemmed_P@15,stemmed_R@15,stemmed_F@15,stemmed_NDCG,stemmed_MAP,training seconds,prediction seconds
0.09064282767986473,0.07580437590059956,0.07180353845962624,5.545267489711934,1.8724279835390947,0.09101508916323732,0.0645648495376164,0.06652105934157777,0.09096119929453264,0.07529160563474288,0.07185445937340693,0.09115233189307266,0.07580437590059956,0.07220992622984844,0.732828620477791,0.75,0.14217460637213727,0.09494697682424628,0.09629067280514834,0.14475308641975307,0.08370745046126309,0.09210703570113252,0.14413906852178462,0.09443420655838959,0.09716775658212894,0.14433020112032466,0.09494697682424628,0.09752322343857044,0.732828620477791,0.75,1.430511474609375e-06,2991.4619488716125
