Precision,Recall,F1-score,avg_n_gt_keywords,avg_n_extraced_leywords,P@5,R@5,F@5,P@10,R@10,F@10,P@15,R@15,F@15,NDCG,MAP,stemmed_Precision,stemmed_Recall,stemmed_F1-score,stemmed_P@5,stemmed_R@5,stemmed_F@5,stemmed_P@10,stemmed_R@10,stemmed_F@10,stemmed_P@15,stemmed_R@15,stemmed_F@15,stemmed_NDCG,stemmed_MAP,training seconds,prediction seconds
0.14427269339506388,0.26129551766988224,0.1729536565624628,5.545267489711934,5.977366255144033,0.13515089163237326,0.1408973890764015,0.12583628897595897,0.14390064667842448,0.22956766249431465,0.16426830240908522,0.14489605045160608,0.25370020831531365,0.1717658785515019,0.47093858077928047,0.2,0.20301567261400152,0.30093438044781556,0.2101870214599578,0.20020576131687282,0.17915723535186134,0.16603677946693637,0.2052518126592201,0.2689820583811143,0.20296729514526804,0.20568611772315487,0.2933390710932468,0.2101127041927187,0.47093858077928047,0.2,7.152557373046875e-07,1848.2606172561646
