Precision,Recall,F1-score,avg_n_gt_keywords,avg_n_extraced_leywords,P@5,R@5,F@5,P@10,R@10,F@10,P@15,R@15,F@15,NDCG,MAP,stemmed_Precision,stemmed_Recall,stemmed_F1-score,stemmed_P@5,stemmed_R@5,stemmed_F@5,stemmed_P@10,stemmed_R@10,stemmed_F@10,stemmed_P@15,stemmed_R@15,stemmed_F@15,stemmed_NDCG,stemmed_MAP,training seconds,prediction seconds
0.055953910775023874,0.09092135170566543,0.061343006994200415,5.545267489711934,4.368312757201646,0.05840192043895744,0.05085130515413738,0.05005478287307586,0.06545741067346005,0.08118433517852543,0.06597093903167527,0.06457267012822565,0.08852392060453063,0.06785265951261803,0.8301894834227401,0.6,0.10746546875898572,0.12767072285953918,0.0961700006847278,0.13659122085048023,0.08697196117312313,0.09252664000542678,0.14070073159579338,0.11781939448969223,0.1075269709022112,0.1391639339170204,0.12515897991569744,0.10908344208644374,0.8301894834227401,0.6,7.152557373046875e-07,7908.787722349167
