Precision,Recall,F1-score,avg_n_gt_keywords,avg_n_extraced_leywords,P@5,R@5,F@5,P@10,R@10,F@10,P@15,R@15,F@15,NDCG,MAP,stemmed_Precision,stemmed_Recall,stemmed_F1-score,stemmed_P@5,stemmed_R@5,stemmed_F@5,stemmed_P@10,stemmed_R@10,stemmed_F@10,stemmed_P@15,stemmed_R@15,stemmed_F@15,stemmed_NDCG,stemmed_MAP,training seconds,prediction seconds
0.31099181044503255,0.6052787435203926,0.38473683655365254,5.545267489711934,10.95679012345679,0.3068930041152263,0.31312588121956325,0.2838760942671301,0.31380887059899415,0.5312866803171817,0.36766765574529126,0.31108682127200676,0.5872177561874367,0.38050457512987224,0.6655145881181499,0.3333333333333333,0.32524592509600087,0.6386321622042398,0.4035830938254821,0.330829903978052,0.3444265115851901,0.3083365239176183,0.3301334182507024,0.5643461542626397,0.38796201251039275,0.3260214465461381,0.620277230132895,0.39983315204222564,0.6655145881181499,0.3333333333333333,7.152557373046875e-07,1416.2140610218048
