Precision,Recall,F1-score
0.040159874656998634,0.6915306655476162,0.07492730170245541
