Precision,Recall,F1-score,avg_n_gt_keywords,avg_n_extraced_leywords,P@5,R@5,F@5,P@10,R@10,F@10,P@15,R@15,F@15,NDCG,MAP,stemmed_Precision,stemmed_Recall,stemmed_F1-score,stemmed_P@5,stemmed_R@5,stemmed_F@5,stemmed_P@10,stemmed_R@10,stemmed_F@10,stemmed_P@15,stemmed_R@15,stemmed_F@15,stemmed_NDCG,stemmed_MAP,training seconds,prediction seconds
0.10760307075178394,0.16753967242983217,0.11724906639456921,5.545267489711934,4.808641975308642,0.1075788751714678,0.09556776640745412,0.09143521301158387,0.11403994382389449,0.14793580269887452,0.11598757181517977,0.11398768698151414,0.1634377635530504,0.12055750741125601,0.533198762058717,0.2698412698412699,0.14094410566445634,0.19924094440888185,0.14211296166463472,0.15044581618655703,0.12657344340078555,0.12149571035603184,0.1537518779802731,0.1796370746779243,0.14446110738986967,0.1531994183228752,0.19513903553210007,0.1486543855058077,0.533198762058717,0.2698412698412699,7.152557373046875e-07,1740.7290196418762
