Precision,Recall,F1-score
0.007855484376581684,0.053073927488633335,0.013132426103794297
