Method,Precision,Recall,F1-score
Mistral7B_KeyBERT_zero_shot,0.00015603058199407084,0.00011931750387781887,0.0001352265043948614
Mistral7B_KeyBERT_one_shot,0.0032029611137116207,0.0016697821792679207,0.0021497495093354365
