Precision,Recall,F1-score,avg_n_gt_keywords,avg_n_extraced_leywords,P@5,R@5,F@5,P@10,R@10,F@10,P@15,R@15,F@15,NDCG,MAP,stemmed_Precision,stemmed_Recall,stemmed_F1-score,stemmed_P@5,stemmed_R@5,stemmed_F@5,stemmed_P@10,stemmed_R@10,stemmed_F@10,stemmed_P@15,stemmed_R@15,stemmed_F@15,stemmed_NDCG,stemmed_MAP,training seconds,prediction seconds
0.08331137134074493,0.12220285960845151,0.0903954904556504,5.545267489711934,3.3786008230452675,0.07945816186556928,0.07640288663164477,0.07126255633689794,0.08318227839832784,0.11433824882989736,0.08815791989649913,0.08361024549296159,0.12149940211487056,0.09040234952683694,0.7754047970020513,0.5,0.148382163031907,0.15152262904260008,0.12551071605982989,0.1457818930041154,0.10572265606579338,0.1072240036206324,0.14840371676791433,0.14365801826404598,0.1234527783963609,0.14876309675692398,0.15081917154901914,0.12561985414817525,0.7754047970020513,0.5,7.152557373046875e-07,2240.7544283866882
