Precision,Recall,F1-score
0.0862903654682032,0.48257734883795284,0.1408767681298829
