Precision,Recall,F1-score,avg_n_gt_keywords,avg_n_extraced_leywords,P@5,R@5,F@5,P@10,R@10,F@10,P@15,R@15,F@15,NDCG,MAP,stemmed_Precision,stemmed_Recall,stemmed_F1-score,stemmed_P@5,stemmed_R@5,stemmed_F@5,stemmed_P@10,stemmed_R@10,stemmed_F@10,stemmed_P@15,stemmed_R@15,stemmed_F@15,stemmed_NDCG,stemmed_MAP,training seconds,prediction seconds
0.04389545159342316,0.07896847665366184,0.04246466492285205,5.545267489711934,5.921810699588478,0.05411522633744851,0.048461763430899196,0.04374929650891885,0.05315582337187275,0.07215452585822955,0.05035809526550263,0.051057413094450124,0.07736959542515097,0.049349121962449914,0.7754047970020513,0.5,0.0880613894605769,0.10240181058082298,0.06843841910648277,0.11615226337448563,0.07160115261967112,0.07388386244595391,0.1144465673786662,0.0955878597853907,0.08028824909725413,0.1122054557239743,0.10080292935231212,0.07919775634267466,0.7754047970020513,0.5,5.4836273193359375e-06,2252.32076048851
