Precision,Recall,F1-score
0.0775250391335531,0.06788228138963436,0.06626372325180446
