Precision,Recall,F1-score,avg_n_gt_keywords,avg_n_extraced_leywords,P@5,R@5,F@5,P@10,R@10,F@10,P@15,R@15,F@15,NDCG,MAP,stemmed_Precision,stemmed_Recall,stemmed_F1-score,stemmed_P@5,stemmed_R@5,stemmed_F@5,stemmed_P@10,stemmed_R@10,stemmed_F@10,stemmed_P@15,stemmed_R@15,stemmed_F@15,stemmed_NDCG,stemmed_MAP,training seconds,prediction seconds
0.31532093719660403,0.5951887841575566,0.38680897993718827,5.545267489711934,9.907407407407407,0.3149862825788751,0.33622304414969617,0.29714414998291866,0.3164739695603894,0.5431935989452328,0.3730414117727812,0.3157896630118857,0.5851557462414395,0.38460617698587835,0.6957287968104828,0.375,0.3353049511390868,0.6337581554248221,0.4113134223282943,0.345336076817558,0.3724507812852042,0.3272160137760684,0.3387794761251553,0.5819500259551094,0.3992389761888485,0.33698092031425414,0.6239121732513162,0.4099811335539361,0.6957287968104828,0.375,2.1457672119140625e-06,1172.2161629199982
