Precision,Recall,F1-score,avg_n_gt_keywords,avg_n_extraced_leywords,P@5,R@5,F@5,P@10,R@10,F@10,P@15,R@15,F@15,NDCG,MAP,stemmed_Precision,stemmed_Recall,stemmed_F1-score,stemmed_P@5,stemmed_R@5,stemmed_F@5,stemmed_P@10,stemmed_R@10,stemmed_F@10,stemmed_P@15,stemmed_R@15,stemmed_F@15,stemmed_NDCG,stemmed_MAP,training seconds,prediction seconds
0.15416025102308903,0.3412718834596104,0.19521250306927904,5.545267489711934,10.893004115226338,0.15891632373113881,0.16257191986313266,0.14582025112939714,0.17264517604023782,0.2933968370315501,0.20125388874314445,0.17310736245921435,0.32843580751532825,0.2108530697595277,0.7754047970020513,0.5,0.198821958199554,0.38183103079980346,0.22727291032491104,0.21882716049382755,0.2016425637086494,0.1851654604021429,0.22647217323143268,0.3334987370009158,0.2377457171954361,0.2261026353618949,0.3688806430128144,0.24680771334414686,0.7754047970020513,0.5,7.152557373046875e-07,1577.473643064499
