Precision,Recall,F1-score,avg_n_gt_keywords,avg_n_extraced_leywords,P@5,R@5,F@5,P@10,R@10,F@10,P@15,R@15,F@15,NDCG,MAP,stemmed_Precision,stemmed_Recall,stemmed_F1-score,stemmed_P@5,stemmed_R@5,stemmed_F@5,stemmed_P@10,stemmed_R@10,stemmed_F@10,stemmed_P@15,stemmed_R@15,stemmed_F@15,stemmed_NDCG,stemmed_MAP,training seconds,prediction seconds
0.2844218557711076,0.48656283732808775,0.3353572732739854,5.545267489711934,9.407407407407407,0.28155006858710596,0.29708898285877217,0.26481022145283223,0.2819215820759029,0.4443180694678515,0.3217109001422959,0.2845250599880231,0.4776364499630657,0.3333971859403126,0.7316725011478664,0.42857142857142855,0.307016538270761,0.5103819745640733,0.354713209601177,0.30819615912208503,0.31872759029077097,0.28601751949382664,0.30554249134496037,0.4681372067038369,0.3418456430401289,0.3075774362811402,0.5019699904912323,0.353241827707507,0.7316725011478664,0.42857142857142855,7.152557373046875e-07,1753.6473143100739
