Precision,Recall,F1-score,avg_n_gt_keywords,avg_n_extraced_leywords,P@5,R@5,F@5,P@10,R@10,F@10,P@15,R@15,F@15,NDCG,MAP,stemmed_Precision,stemmed_Recall,stemmed_F1-score,stemmed_P@5,stemmed_R@5,stemmed_F@5,stemmed_P@10,stemmed_R@10,stemmed_F@10,stemmed_P@15,stemmed_R@15,stemmed_F@15,stemmed_NDCG,stemmed_MAP,training seconds,prediction seconds
0.22216481865484217,0.4279870493959094,0.2701594768654245,5.545267489711934,8.94238683127572,0.21961591220850557,0.22657639111070496,0.2038226865583894,0.2273017506042199,0.3824298619895936,0.26395739323737366,0.22775734210919418,0.42185292745931824,0.27404353155180233,0.6957287968104828,0.375,0.25515779948732914,0.4704262496964022,0.30186874285522697,0.2620713305898499,0.2665567048473731,0.2404325497501624,0.26313034816121267,0.424489583515546,0.29767113862623235,0.26283856175831505,0.4643648716597155,0.3074002292169659,0.6957287968104828,0.375,7.152557373046875e-07,1360.403265953064
