Precision,Recall,F1-score,avg_n_gt_keywords,avg_n_extraced_leywords,P@5,R@5,F@5,P@10,R@10,F@10,P@15,R@15,F@15,NDCG,MAP
0.03473122953523465,0.7215747183839053,0.06542899618560971,5.545267489711934,121.81481481481481,0.051440329218106894,0.06329157209422277,0.051868664620513795,0.050617283950617334,0.11926265116443052,0.06544427907403369,0.04993141289437575,0.16973714002853438,0.07190756980684822,0.2616989055308191,0.03360938578329883
