Precision,Recall,F1-score,avg_n_gt_keywords,avg_n_extraced_leywords,P@5,R@5,F@5,P@10,R@10,F@10,P@15,R@15,F@15,NDCG,MAP,stemmed_Precision,stemmed_Recall,stemmed_F1-score,stemmed_P@5,stemmed_R@5,stemmed_F@5,stemmed_P@10,stemmed_R@10,stemmed_F@10,stemmed_P@15,stemmed_R@15,stemmed_F@15,stemmed_NDCG,stemmed_MAP,training seconds,prediction seconds
0.11230338436520955,0.14452113857524174,0.11065401198023403,5.545267489711934,4.366255144032922,0.11464334705075446,0.09507893730842175,0.09436398044785838,0.12084803057025284,0.13642098742861275,0.11544290541586333,0.12076257076257078,0.1433401199650292,0.11710486890123903,1.0,1.0,0.13309663920111087,0.16107126654512283,0.1259813303758168,0.13957475994513038,0.11110649685449979,0.11176540618261743,0.1445922333268013,0.15297111539849378,0.13235469576141512,0.14422992416819583,0.15989024793491027,0.13385324802503457,1.0,1.0,7.152557373046875e-07,1137.9418215751648
