Precision,Recall,F1-score,avg_n_gt_keywords,avg_n_extraced_leywords,P@5,R@5,F@5,P@10,R@10,F@10,P@15,R@15,F@15,NDCG,MAP,stemmed_Precision,stemmed_Recall,stemmed_F1-score,stemmed_P@5,stemmed_R@5,stemmed_F@5,stemmed_P@10,stemmed_R@10,stemmed_F@10,stemmed_P@15,stemmed_R@15,stemmed_F@15,stemmed_NDCG,stemmed_MAP,training seconds,prediction seconds
0.10964882739574096,0.08698714778053923,0.0874480706560929,5.545267489711934,2.111111111111111,0.10823045267489714,0.07255311359341857,0.07920601804762804,0.11005209353974782,0.08587354944471866,0.0870516266661822,0.1100603500294858,0.08698714778053923,0.08755715945913882,0.5508095940041027,0.5,0.16307818267694818,0.10513763382318216,0.1105002335799257,0.16248285322359415,0.09070359963606152,0.1026443252822316,0.16353288915017314,0.10402403548736158,0.1101244172909546,0.16354114563991112,0.10513763382318216,0.11062995008391122,0.5508095940041027,0.5,1.6689300537109375e-06,3430.5841274261475
