Precision,Recall,F1-score
0.11242778864966077,0.19320860936449177,0.12004466178499686
