Precision,Recall,F1-score,avg_n_gt_keywords,avg_n_extraced_leywords,P@5,R@5,F@5,P@10,R@10,F@10,P@15,R@15,F@15,NDCG,MAP,stemmed_Precision,stemmed_Recall,stemmed_F1-score,stemmed_P@5,stemmed_R@5,stemmed_F@5,stemmed_P@10,stemmed_R@10,stemmed_F@10,stemmed_P@15,stemmed_R@15,stemmed_F@15,stemmed_NDCG,stemmed_MAP,training seconds,prediction seconds
0.2486230176298109,0.5183252731963698,0.3141397770602288,5.545267489711934,15.139917695473251,0.2397119341563791,0.24928209297762677,0.22347809910012364,0.24818080867463543,0.4342656706845162,0.2939325921331239,0.250365226908437,0.5033085310490901,0.31280373565297004,0.43075615145606433,0.158974358974359,0.26101618700699164,0.5482883807738563,0.3305914205611098,0.2621399176954738,0.2757333774445249,0.24602268943032732,0.26294663269971874,0.4639348335236136,0.3123534728259469,0.2639075830433857,0.5332716386265767,0.3302796165286628,0.43075615145606433,0.158974358974359,7.152557373046875e-07,1301.6910526752472
