Precision,Recall,F1-score
0.0025538461538461535,0.001607936507936508,0.0019310559006211181
