Precision,Recall,F1-score,avg_n_gt_keywords,avg_n_extraced_leywords,P@5,R@5,F@5,P@10,R@10,F@10,P@15,R@15,F@15,NDCG,MAP
0.08877609616070288,0.6076775272590452,0.1488024391398366,5.545267489711934,35.794238683127574,0.04279835390946497,0.03997394258287504,0.036479912175516424,0.0446502057613169,0.0781704045638323,0.05139256015300189,0.05240054869684487,0.1311809761891462,0.06951213389556316,0.27728862538256155,0.05685766139486648
