Precision,Recall,F1-score,avg_n_gt_keywords,avg_n_extraced_leywords,P@5,R@5,F@5,P@10,R@10,F@10,P@15,R@15,F@15,NDCG,MAP,stemmed_Precision,stemmed_Recall,stemmed_F1-score,stemmed_P@5,stemmed_R@5,stemmed_F@5,stemmed_P@10,stemmed_R@10,stemmed_F@10,stemmed_P@15,stemmed_R@15,stemmed_F@15,stemmed_NDCG,stemmed_MAP,training seconds,prediction seconds
0.1342658813614935,0.14128388442295484,0.12228038595538573,5.545267489711934,2.711934156378601,0.1352194787379973,0.11365879460650702,0.11100976524273856,0.13498187340779932,0.13716130946704655,0.12129258276919086,0.1348675729848569,0.14064700415644496,0.12238399648020176,0.8301894834227401,0.6,0.18619191029369528,0.17025481061610326,0.15294745881091676,0.1896090534979425,0.14233577606126624,0.14299217469428374,0.18715869749820374,0.16613223566019503,0.15211521403662973,0.1868715418098135,0.16961793034959338,0.1530883449366155,0.8301894834227401,0.6,1.6689300537109375e-06,2504.797231197357
