Precision,Recall,F1-score,avg_n_gt_keywords,avg_n_extraced_leywords,P@5,R@5,F@5,P@10,R@10,F@10,P@15,R@15,F@15,NDCG,MAP,stemmed_Precision,stemmed_Recall,stemmed_F1-score,stemmed_P@5,stemmed_R@5,stemmed_F@5,stemmed_P@10,stemmed_R@10,stemmed_F@10,stemmed_P@15,stemmed_R@15,stemmed_F@15,stemmed_NDCG,stemmed_MAP,training seconds,prediction seconds
0.3324048057607006,0.5780639033698218,0.3948395778393769,5.545267489711934,9.537037037037036,0.32517146776406014,0.3356781819944493,0.3031084950619484,0.3332271866222484,0.5259636168922665,0.3803777805982217,0.3333668160828658,0.5684818096519257,0.3931378086311482,0.7316725011478664,0.42857142857142855,0.3503797271987665,0.6128656679464596,0.4169246182737084,0.3530178326474619,0.3709331856045728,0.33098000584252923,0.3527736952119668,0.560838125368808,0.40352250631130115,0.3521673856550402,0.6033563181284677,0.4157752256671102,0.7316725011478664,0.42857142857142855,2.384185791015625e-06,1428.8956727981567
