Precision,Recall,F1-score
0.3769466423322081,0.3750407236117882,0.35953980815008546
