Precision,Recall,F1-score,avg_n_gt_keywords,avg_n_extraced_leywords,P@5,R@5,F@5,P@10,R@10,F@10,P@15,R@15,F@15,NDCG,MAP,stemmed_Precision,stemmed_Recall,stemmed_F1-score,stemmed_P@5,stemmed_R@5,stemmed_F@5,stemmed_P@10,stemmed_R@10,stemmed_F@10,stemmed_P@15,stemmed_R@15,stemmed_F@15,stemmed_NDCG,stemmed_MAP,training seconds,prediction seconds
0.21120707297386887,0.41678231038979047,0.2610237018405997,5.545267489711934,10.679012345679013,0.189643347050755,0.19373501491783995,0.17373671789302744,0.21089636814945473,0.34975801787711736,0.24359078839377554,0.21242067831574032,0.39949377903626265,0.25813398079678446,0.5215749633239717,0.18803418803418803,0.223614619500878,0.43849217715230804,0.275433055667611,0.20901920438957533,0.21188154401208148,0.19130489099860085,0.22571689855640478,0.37215375569587616,0.25994770798544775,0.22588773252353522,0.4212036457987802,0.2733852429504176,0.5215749633239717,0.18803418803418803,7.152557373046875e-07,1337.5536065101624
