Precision,Recall,F1-score,avg_n_gt_keywords,avg_n_extraced_leywords,P@5,R@5,F@5,P@10,R@10,F@10,P@15,R@15,F@15,NDCG,MAP,stemmed_Precision,stemmed_Recall,stemmed_F1-score,stemmed_P@5,stemmed_R@5,stemmed_F@5,stemmed_P@10,stemmed_R@10,stemmed_F@10,stemmed_P@15,stemmed_R@15,stemmed_F@15,stemmed_NDCG,stemmed_MAP,training seconds,prediction seconds
0.18511387393910345,0.30594814455562447,0.21658717924587698,5.545267489711934,6.886831275720165,0.17208504801097435,0.16327170654058834,0.1548873019775895,0.18785518322555367,0.275969906461918,0.21016245681951273,0.18764238733374553,0.30062713786388434,0.21719109076761303,0.6050861707334841,0.2777777777777778,0.22742193490985127,0.3426255728724863,0.24830198449581498,0.22565157750342973,0.20050538789191663,0.1923347135377752,0.2338608008361096,0.3120004642335797,0.24324703871411912,0.233120103490474,0.33706921826929076,0.2500483169710537,0.6050861707334841,0.2777777777777778,7.152557373046875e-07,1342.0853481292725
