Precision,Recall,F1-score
0.18744599663399267,0.3447823814042856,0.22108863823609054
