Precision,Recall,F1-score
0.15101434128165256,0.13327260386472933,0.13481586999992043
