Precision,Recall,F1-score
0.08160000000000006,0.055882639447917375,0.0620479408879509
