Precision,Recall,F1-score,avg_n_gt_keywords,avg_n_extraced_leywords,P@5,R@5,F@5,P@10,R@10,F@10,P@15,R@15,F@15,NDCG,MAP
0.16181087865813856,0.5948156556789456,0.241909172870367,5.545267489711934,21.506172839506174,0.24084362139917798,0.2507240021201534,0.22449891407646003,0.19378061924358214,0.38069796982651044,0.23783513834216244,0.17940864005678878,0.4801325315731633,0.24514581602928312,0.8385465274895064,0.6666666666666667
