Precision,Recall,F1-score
0.11075205241107422,0.686102883219292,0.18372964609926584
