Precision,Recall,F1-score
0.05810330932098667,0.025897977483921076,0.031553895284866275
