Precision,Recall,F1-score,avg_n_gt_keywords,avg_n_extraced_leywords,P@5,R@5,F@5,P@10,R@10,F@10,P@15,R@15,F@15,NDCG,MAP,stemmed_Precision,stemmed_Recall,stemmed_F1-score,stemmed_P@5,stemmed_R@5,stemmed_F@5,stemmed_P@10,stemmed_R@10,stemmed_F@10,stemmed_P@15,stemmed_R@15,stemmed_F@15,stemmed_NDCG,stemmed_MAP,training seconds,prediction seconds
0.2149588772826723,0.3224753624290661,0.23718261960243633,5.545267489711934,5.207818930041152,0.22321673525377267,0.21488087257695115,0.19981135443986256,0.21641681363903592,0.3067527971839882,0.2331289243142972,0.2150627264824797,0.31993671996122963,0.2366940769339729,0.7316725011478664,0.42857142857142855,0.22261457891985537,0.33071988794846446,0.2446491333482179,0.23233882030178366,0.22303394862218404,0.20802967932485414,0.22463828466914892,0.3149973227033866,0.240876447509622,0.22336914914075412,0.32818124548062805,0.24453897135578734,0.7316725011478664,0.42857142857142855,7.152557373046875e-07,2180.291429758072
