Precision,Recall,F1-score
0.18038514230507985,0.4051596993202875,0.22697184198794387
