Precision,Recall,F1-score,avg_n_gt_keywords,avg_n_extraced_leywords,P@5,R@5,F@5,P@10,R@10,F@10,P@15,R@15,F@15,NDCG,MAP,stemmed_Precision,stemmed_Recall,stemmed_F1-score,stemmed_P@5,stemmed_R@5,stemmed_F@5,stemmed_P@10,stemmed_R@10,stemmed_F@10,stemmed_P@15,stemmed_R@15,stemmed_F@15,stemmed_NDCG,stemmed_MAP,training seconds,prediction seconds
0.1946426575535866,0.4138894473489609,0.24491203521221272,5.545267489711934,13.763374485596708,0.17860082304526803,0.18577523605392177,0.16632242194890973,0.19555163629237715,0.3421039118497361,0.2310674483183201,0.20121490877663736,0.39698721095870687,0.24870743218821315,0.3206545335101186,0.14285714285714285,0.2192528930537239,0.4500564370471779,0.26951217763550916,0.21608367626886188,0.2197395244753632,0.19754052699127556,0.22492814684172713,0.3777720862343231,0.2584278302982709,0.22892637769181004,0.4326553853432938,0.27489755345085093,0.3206545335101186,0.14285714285714285,1.1920928955078125e-06,1195.3394088745117
