Precision,Recall,F1-score
0.11716285645470725,0.1690627409999701,0.11797491241327683
