Precision,Recall,F1-score
0.09200000000000015,0.09477243393861054,0.08489622811084106
