Precision,Recall,F1-score
0.08032291916564756,0.3757511773915799,0.12688684248413526
