Precision,Recall,F1-score
0.30153376838589696,0.5524912968077672,0.3621530389321096
