Method,Precision,Recall,F1-score
llama2_KeyBERT_zero_shot,0.0009003048019871788,0.000777552400270453,0.0008342410670658311
llama2_KeyBERT_one_shot,0.0019900239891887665,0.0012123984144029485,0.0014548150685654688
