Precision,Recall,F1-score,avg_n_gt_keywords,avg_n_extraced_leywords,P@5,R@5,F@5,P@10,R@10,F@10,P@15,R@15,F@15,NDCG,MAP
0.06010118373625737,0.9161383921895903,0.11092399255231254,5.545267489711934,89.04938271604938,0.0506172839506172,0.0439479613154268,0.043159747673182654,0.04279835390946503,0.07481842339322368,0.05016824918446961,0.04266117969821665,0.11385171486841789,0.05777203918862851,0.27234786698299296,0.047427101200686106
