Precision,Recall,F1-score
0.011799999999999993,0.026573419064595535,0.015264745634242296
