Precision,Recall,F1-score,avg_n_gt_keywords,avg_n_extraced_leywords,P@5,R@5,F@5,P@10,R@10,F@10,P@15,R@15,F@15,NDCG,MAP,stemmed_Precision,stemmed_Recall,stemmed_F1-score,stemmed_P@5,stemmed_R@5,stemmed_F@5,stemmed_P@10,stemmed_R@10,stemmed_F@10,stemmed_P@15,stemmed_R@15,stemmed_F@15,stemmed_NDCG,stemmed_MAP,training seconds,prediction seconds
0.4131991341050892,0.5750269272673048,0.4506250375800063,5.545267489711934,7.327160493827161,0.42623456790123415,0.4341891534928934,0.39844231110226636,0.41458537461623884,0.5584716852581775,0.4458809648529475,0.4130480573381808,0.57301013975669,0.45001989271709647,0.7316725011478664,0.42857142857142855,0.41917454099734436,0.5844847171172514,0.45744622271350127,0.4345679012345676,0.44268998991675096,0.4061388555272058,0.42169883728525714,0.5679294751081242,0.45338176813379627,0.41988306046948026,0.5824679296066368,0.45728236677227246,0.7316725011478664,0.42857142857142855,3.266334533691406e-05,2934.3140876293182
