Precision,Recall,F1-score,avg_n_gt_keywords,avg_n_extraced_leywords,P@5,R@5,F@5,P@10,R@10,F@10,P@15,R@15,F@15,NDCG,MAP,stemmed_Precision,stemmed_Recall,stemmed_F1-score,stemmed_P@5,stemmed_R@5,stemmed_F@5,stemmed_P@10,stemmed_R@10,stemmed_F@10,stemmed_P@15,stemmed_R@15,stemmed_F@15,stemmed_NDCG,stemmed_MAP,training seconds,prediction seconds
0.40971367323271735,0.5686342306594667,0.4453816994058936,5.545267489711934,7.339506172839506,0.41762688614540416,0.4271815671552417,0.3889438992523134,0.40898327781043814,0.5504078020744687,0.4380442864429465,0.4104840632618411,0.5672981182122433,0.44537689442374817,0.7316725011478664,0.42857142857142855,0.41641072930341183,0.5779875810531221,0.45269532770717635,0.42606310013717374,0.4358833400454678,0.39685640284382945,0.4167213730485334,0.560172675101869,0.44613190630132415,0.41778148120740727,0.5766514686058986,0.45304389819243496,0.7316725011478664,0.42857142857142855,4.71363639831543,2829.11217713356
