Precision,Recall,F1-score,avg_n_gt_keywords,avg_n_extraced_leywords,P@5,R@5,F@5,P@10,R@10,F@10,P@15,R@15,F@15,NDCG,MAP,stemmed_Precision,stemmed_Recall,stemmed_F1-score,stemmed_P@5,stemmed_R@5,stemmed_F@5,stemmed_P@10,stemmed_R@10,stemmed_F@10,stemmed_P@15,stemmed_R@15,stemmed_F@15,stemmed_NDCG,stemmed_MAP,training seconds,prediction seconds
0.3995888515314808,0.5677955670166996,0.4404175624971458,5.545267489711934,7.189300411522634,0.4072702331961584,0.4345262175826809,0.38686469559817294,0.4000106146711089,0.5599877938167698,0.43757080291834316,0.39973708847165684,0.5667504301690937,0.44022284243796295,0.7754047970020513,0.5,0.40641905836168746,0.5774575593856636,0.4479952263598913,0.41498628257887465,0.4424352304208876,0.3940741813570415,0.4078973153047229,0.5696497861857337,0.44576352015379095,0.40746790931976135,0.5764124225380576,0.44830578329775506,0.7754047970020513,0.5,3.409385681152344e-05,2564.5496230125427
