Precision,Recall,F1-score,avg_n_gt_keywords,avg_n_extraced_leywords,P@5,R@5,F@5,P@10,R@10,F@10,P@15,R@15,F@15,NDCG,MAP,stemmed_Precision,stemmed_Recall,stemmed_F1-score,stemmed_P@5,stemmed_R@5,stemmed_F@5,stemmed_P@10,stemmed_R@10,stemmed_F@10,stemmed_P@15,stemmed_R@15,stemmed_F@15,stemmed_NDCG,stemmed_MAP,training seconds,prediction seconds
0.4110036724551972,0.5056442255262156,0.4224578342238207,5.545267489711934,6.150205761316872,0.42112482853223526,0.4258444697533295,0.3916228815037485,0.4116451107191844,0.4994672212319273,0.42052688239981556,0.41098760635797643,0.5050955286812224,0.42225673597745506,0.7754047970020513,0.5,0.4169628081982837,0.5140259252568623,0.42911443748733585,0.42832647462277035,0.4332920784264285,0.39826964123692804,0.4185348487817621,0.5078489209625741,0.4276104819368162,0.4177869341449587,0.5134772284118692,0.42928725659019606,0.7754047970020513,0.5,2.4557113647460938e-05,2333.702981710434
