Precision,Recall,F1-score,avg_n_gt_keywords,avg_n_extraced_leywords,P@5,R@5,F@5,P@10,R@10,F@10,P@15,R@15,F@15,NDCG,MAP,stemmed_Precision,stemmed_Recall,stemmed_F1-score,stemmed_P@5,stemmed_R@5,stemmed_F@5,stemmed_P@10,stemmed_R@10,stemmed_F@10,stemmed_P@15,stemmed_R@15,stemmed_F@15,stemmed_NDCG,stemmed_MAP,training seconds,prediction seconds
0.4074470366772477,0.564342532517914,0.4424796868039722,5.545267489711934,7.090534979423868,0.41529492455418354,0.43943216923881384,0.3932764415575338,0.40779035208047576,0.5530763658595903,0.43879321391583165,0.40762556487865165,0.5635675872985243,0.4424580649335004,0.6733627733422863,0.3650793650793651,0.4131561118216896,0.5721355262586202,0.44859693291048286,0.42290809327846346,0.4462682095534309,0.3998764088056492,0.4146849892220265,0.5608693596002964,0.4456361218764758,0.4142889517889521,0.5713605810392304,0.4491410424790177,0.6733627733422863,0.3650793650793651,3.6716461181640625e-05,2686.0850229263306
