Precision,Recall,F1-score,avg_n_gt_keywords,avg_n_extraced_leywords,P@5,R@5,F@5,P@10,R@10,F@10,P@15,R@15,F@15,NDCG,MAP,stemmed_Precision,stemmed_Recall,stemmed_F1-score,stemmed_P@5,stemmed_R@5,stemmed_F@5,stemmed_P@10,stemmed_R@10,stemmed_F@10,stemmed_P@15,stemmed_R@15,stemmed_F@15,stemmed_NDCG,stemmed_MAP,training seconds,prediction seconds
0.4148853318606403,0.481169307809649,0.4159861415514145,5.545267489711934,5.796296296296297,0.4223251028806578,0.4206726617138743,0.3903751104243451,0.41429877849630925,0.47786608154345966,0.414341151659072,0.4150225060718886,0.4808753630712598,0.41601451619063184,0.7206201105813624,0.43333333333333335,0.4205331534035237,0.4880910820062962,0.42161475505039836,0.42890946502057564,0.42675179432713917,0.39601577748476524,0.4207124893853289,0.48478785574010685,0.42018084472643386,0.42141988669766445,0.48779713726790697,0.4218506724897511,0.7206201105813624,0.43333333333333335,3.5762786865234375e-05,2243.8274626731873
