Precision,Recall,F1-score,avg_n_gt_keywords,avg_n_extraced_leywords,P@5,R@5,F@5,P@10,R@10,F@10,P@15,R@15,F@15,NDCG,MAP,stemmed_Precision,stemmed_Recall,stemmed_F1-score,stemmed_P@5,stemmed_R@5,stemmed_F@5,stemmed_P@10,stemmed_R@10,stemmed_F@10,stemmed_P@15,stemmed_R@15,stemmed_F@15,stemmed_NDCG,stemmed_MAP,training seconds,prediction seconds
0.410891899830716,0.49915513364496644,0.4208593430393415,5.545267489711934,6.185185185185185,0.41899862825788703,0.41228271086749646,0.3841611638087528,0.413032366581749,0.49536242201274866,0.4209184011858706,0.4114341933786377,0.49915513364496644,0.42128740740821286,0.7206201105813624,0.43333333333333335,0.4176488125970696,0.509091474436427,0.4284635772769258,0.42750342935528096,0.4214131531678734,0.39221977757724324,0.4204814161604282,0.505161588592961,0.428771876238571,0.418948712467231,0.509091474436427,0.4291996485926323,0.7206201105813624,0.43333333333333335,3.927210807800293,2281.5222313404083
