Precision,Recall,F1-score,avg_n_gt_keywords,avg_n_extraced_leywords,P@5,R@5,F@5,P@10,R@10,F@10,P@15,R@15,F@15,NDCG,MAP,stemmed_Precision,stemmed_Recall,stemmed_F1-score,stemmed_P@5,stemmed_R@5,stemmed_F@5,stemmed_P@10,stemmed_R@10,stemmed_F@10,stemmed_P@15,stemmed_R@15,stemmed_F@15,stemmed_NDCG,stemmed_MAP,training seconds,prediction seconds
0.42628190399183785,0.4967107641880698,0.4292763873398411,5.545267489711934,5.878600823045267,0.43384773662551396,0.42001886333494903,0.39565424145297906,0.42739238356522297,0.49436720011611074,0.4289942312704822,0.4264850261763841,0.4967107641880698,0.42942144362951323,0.7754047970020513,0.5,0.43212242264099854,0.5031181350925359,0.43509659966166375,0.4407407407407403,0.4258775373944219,0.401516332037292,0.43391469070481414,0.5007745710205768,0.4351411734669651,0.4329730397631632,0.5031181350925359,0.4355361095409966,0.7754047970020513,0.5,4.193989992141724,2303.036009311676
