Precision,Recall,F1-score,avg_n_gt_keywords,avg_n_extraced_leywords,P@5,R@5,F@5,P@10,R@10,F@10,P@15,R@15,F@15,NDCG,MAP,stemmed_Precision,stemmed_Recall,stemmed_F1-score,stemmed_P@5,stemmed_R@5,stemmed_F@5,stemmed_P@10,stemmed_R@10,stemmed_F@10,stemmed_P@15,stemmed_R@15,stemmed_F@15,stemmed_NDCG,stemmed_MAP,training seconds,prediction seconds
0.41562735440277204,0.4778079893693547,0.41470395965127255,5.545267489711934,5.790123456790123,0.42184499314128876,0.41147886104857784,0.3863111125060824,0.4161359331112417,0.4728654045193624,0.413200462700973,0.4160115718757695,0.47722009989257624,0.41483457653663536,0.649229084128692,0.4166666666666667,0.4247483631379783,0.4874314134989517,0.4235772230566996,0.4315157750342929,0.42000244194870207,0.3949046166242779,0.4258516232281664,0.48223162700286887,0.42214057102618613,0.4256898508441719,0.48658632237608274,0.4237403913090364,0.649229084128692,0.4166666666666667,5.078315734863281e-05,2352.6295552253723
