Precision,Recall,F1-score,avg_n_gt_keywords,avg_n_extraced_leywords,P@5,R@5,F@5,P@10,R@10,F@10,P@15,R@15,F@15,NDCG,MAP,stemmed_Precision,stemmed_Recall,stemmed_F1-score,stemmed_P@5,stemmed_R@5,stemmed_F@5,stemmed_P@10,stemmed_R@10,stemmed_F@10,stemmed_P@15,stemmed_R@15,stemmed_F@15,stemmed_NDCG,stemmed_MAP,training seconds,prediction seconds
0.294010949576739,0.37204942670287927,0.30768050553311854,8.72,11.31,0.2953333333333332,0.1785884372447671,0.2075997865447993,0.30149603174603173,0.3195247748131378,0.29138429982628283,0.2990106837606837,0.3688159893885596,0.3090059635617134,0.838565588818566,0.646797385620915,0.2988843262001156,0.3784105378139904,0.3129784599052148,0.30933333333333324,0.1869336753400052,0.21750174420634777,0.3081904761904762,0.3258858859242489,0.29759550386132594,0.3047022422022421,0.37517710049967073,0.3148339995316662,0.8553535852687582,0.6805555555555556,2.7768168449401855,1101.0291769504547
