Precision,Recall,F1-score,avg_n_gt_keywords,avg_n_extraced_leywords,P@5,R@5,F@5,P@10,R@10,F@10,P@15,R@15,F@15,NDCG,MAP,stemmed_Precision,stemmed_Recall,stemmed_F1-score,stemmed_P@5,stemmed_R@5,stemmed_F@5,stemmed_P@10,stemmed_R@10,stemmed_F@10,stemmed_P@15,stemmed_R@15,stemmed_F@15,stemmed_NDCG,stemmed_MAP,training seconds,prediction seconds
0.29700096549477356,0.3656446935772382,0.30619408140215965,8.72,10.4,0.2984999999999998,0.19309015277845198,0.2151663755870916,0.2949484126984127,0.3270192354888646,0.2892162787956228,0.2987502775002775,0.3617457036782483,0.30575592657349454,0.8163606979848332,0.6666666666666666,0.30229039828420634,0.3700613602439049,0.3107461863020906,0.30849999999999983,0.1975068194451187,0.22117944435975115,0.3011706349206349,0.3314359021555312,0.2943216938484063,0.30437304362304357,0.366162370344915,0.31056035345484967,0.8481263523796618,0.7051127214170694,3.4682304859161377,1035.1871480941772
