Precision,Recall,F1-score,avg_n_gt_keywords,avg_n_extraced_leywords,P@5,R@5,F@5,P@10,R@10,F@10,P@15,R@15,F@15,NDCG,MAP,stemmed_Precision,stemmed_Recall,stemmed_F1-score,stemmed_P@5,stemmed_R@5,stemmed_F@5,stemmed_P@10,stemmed_R@10,stemmed_F@10,stemmed_P@15,stemmed_R@15,stemmed_F@15,stemmed_NDCG,stemmed_MAP,training seconds,prediction seconds
0.3013383201410695,0.37238132949034486,0.3114645615026965,8.72,10.84,0.2939999999999998,0.175635617118034,0.20661022911918042,0.304829365079365,0.32680899719774403,0.2968990716795603,0.3021823454323454,0.3632658893749047,0.30906568373643206,0.8114108372532887,0.7074610842726785,0.3065327645855139,0.3768257739347893,0.316055543789331,0.3059999999999999,0.18130228378470065,0.2141617594303015,0.3116349206349206,0.3312534416421884,0.3023908504820135,0.30851820401820396,0.36771033381934914,0.31435343244893516,0.8500993058846217,0.745230078563412,0.0005865097045898438,1065.1506142616272
