Precision,Recall,F1-score,avg_n_gt_keywords,avg_n_extraced_leywords,P@5,R@5,F@5,P@10,R@10,F@10,P@15,R@15,F@15,NDCG,MAP,stemmed_Precision,stemmed_Recall,stemmed_F1-score,stemmed_P@5,stemmed_R@5,stemmed_F@5,stemmed_P@10,stemmed_R@10,stemmed_F@10,stemmed_P@15,stemmed_R@15,stemmed_F@15,stemmed_NDCG,stemmed_MAP,training seconds,prediction seconds
0.2871261442375994,0.38360888489884654,0.30505991164841173,8.72,11.62,0.2913333333333331,0.18180367536697456,0.2093951664041177,0.29524603174603176,0.3357157334353625,0.2915953266362691,0.28869408369408367,0.3749839785463187,0.30292538627785687,0.8253639332090296,0.7041062801932367,0.29278567506624786,0.3924373162713956,0.3114151799095623,0.3033333333333331,0.18872034203364124,0.21763045739899944,0.30180158730158735,0.3426324001020292,0.29802834274296935,0.29493589743589743,0.3838124099188677,0.30964363458293975,0.8612617826492144,0.7454545454545455,1.6450881958007812e-05,1108.3538851737976
